date,emp_thousands
1990-01-01,695.2
1990-02-01,700.1
1990-03-01,701.0
1990-04-01,700.3
1990-05-01,699.8
1990-06-01,699.7
1990-07-01,696.0
1990-08-01,693.7
1990-09-01,695.2
1990-10-01,690.9
1990-11-01,690.6
1990-12-01,689.6
1991-01-01,689.3
1991-02-01,687.1
1991-03-01,685.2
1991-04-01,684.7
1991-05-01,684.6
1991-06-01,683.1
1991-07-01,686.4
1991-08-01,687.2
1991-09-01,687.7
1991-10-01,686.0
1991-11-01,684.7
1991-12-01,684.9
1992-01-01,688.1
1992-02-01,688.9
1992-03-01,690.9
1992-04-01,692.1
1992-05-01,693.7
1992-06-01,694.3
1992-07-01,697.4
1992-08-01,699.8
1992-09-01,700.2
1992-10-01,705.6
1992-11-01,707.9
1992-12-01,709.7
1993-01-01,711.0
1993-02-01,713.6
1993-03-01,714.9
1993-04-01,718.5
1993-05-01,721.3
1993-06-01,725.3
1993-07-01,726.9
1993-08-01,729.3
1993-09-01,730.6
1993-10-01,737.5
1993-11-01,742.6
1993-12-01,746.1
1994-01-01,747.0
1994-02-01,748.0
1994-03-01,751.2
1994-04-01,752.9
1994-05-01,751.7
1994-06-01,756.1
1994-07-01,763.4
1994-08-01,764.8
1994-09-01,766.7
1994-10-01,765.7
1994-11-01,769.4
1994-12-01,772.7
1995-01-01,779.0
1995-02-01,778.3
1995-03-01,779.6
1995-04-01,782.4
1995-05-01,786.2
1995-06-01,787.9
1995-07-01,786.9
1995-08-01,787.2
1995-09-01,789.5
1995-10-01,791.4
1995-11-01,793.5
1995-12-01,795.3
1996-01-01,797.6
1996-02-01,801.8
1996-03-01,804.1
1996-04-01,805.6
1996-05-01,807.1
1996-06-01,809.9
1996-07-01,810.4
1996-08-01,812.1
1996-09-01,815.8
1996-10-01,820.9
1996-11-01,825.0
1996-12-01,828.4
1997-01-01,826.7
1997-02-01,829.5
1997-03-01,832.7
1997-04-01,834.2
1997-05-01,836.4
1997-06-01,838.1
1997-07-01,838.5
1997-08-01,841.4
1997-09-01,845.0
1997-10-01,845.2
1997-11-01,848.7
1997-12-01,851.1
1998-01-01,856.8
1998-02-01,860.0
1998-03-01,860.7
1998-04-01,869.3
1998-05-01,873.7
1998-06-01,878.4
1998-07-01,883.9
1998-08-01,887.7
1998-09-01,888.6
1998-10-01,887.6
1998-11-01,888.9
1998-12-01,889.6
1999-01-01,895.5
1999-02-01,902.7
1999-03-01,902.4
1999-04-01,901.4
1999-05-01,903.2
1999-06-01,904.5
1999-07-01,911.5
1999-08-01,915.5
1999-09-01,918.2
1999-10-01,922.3
1999-11-01,924.9
1999-12-01,929.5
2000-01-01,931.8
2000-02-01,929.2
2000-03-01,934.3
2000-04-01,938.4
2000-05-01,941.0
2000-06-01,945.6
2000-07-01,942.5
2000-08-01,938.5
2000-09-01,941.1
2000-10-01,943.0
2000-11-01,943.1
2000-12-01,943.4
2001-01-01,942.5
2001-02-01,941.7
2001-03-01,938.7
2001-04-01,939.4
2001-05-01,936.8
2001-06-01,935.0
2001-07-01,932.7
2001-08-01,931.9
2001-09-01,929.7
2001-10-01,929.2
2001-11-01,927.4
2001-12-01,925.0
2002-01-01,925.4
2002-02-01,927.6
2002-03-01,928.1
2002-04-01,927.1
2002-05-01,926.2
2002-06-01,929.1
2002-07-01,930.9
2002-08-01,930.8
2002-09-01,929.8
2002-10-01,927.4
2002-11-01,926.6
2002-12-01,926.2
2003-01-01,926.0
2003-02-01,924.8
2003-03-01,925.5
2003-04-01,926.0
2003-05-01,928.1
2003-06-01,926.4
2003-07-01,915.4
2003-08-01,917.0
2003-09-01,921.1
2003-10-01,923.4
2003-11-01,925.3
2003-12-01,926.1
2004-01-01,924.1
2004-02-01,924.4
2004-03-01,925.4
2004-04-01,926.1
2004-05-01,929.3
2004-06-01,932.4
2004-07-01,931.5
2004-08-01,936.0
2004-09-01,938.2
2004-10-01,941.0
2004-11-01,943.2
2004-12-01,944.9
2005-01-01,946.3
2005-02-01,946.4
2005-03-01,946.8
2005-04-01,950.6
2005-05-01,951.5
2005-06-01,952.9
2005-07-01,957.2
2005-08-01,959.5
2005-09-01,963.1
2005-10-01,966.6
2005-11-01,968.8
2005-12-01,971.4
2006-01-01,980.8
2006-02-01,980.9
2006-03-01,982.9
2006-04-01,992.8
2006-05-01,993.6
2006-06-01,993.0
2006-07-01,999.5
2006-08-01,1002.6
2006-09-01,1006.6
2006-10-01,1010.1
2006-11-01,1015.3
2006-12-01,1018.9
2007-01-01,1021.2
2007-02-01,1023.5
2007-03-01,1026.8
2007-04-01,1027.9
2007-05-01,1029.8
2007-06-01,1031.5
2007-07-01,1032.6
2007-08-01,1035.1
2007-09-01,1036.7
2007-10-01,1039.0
2007-11-01,1040.9
2007-12-01,1044.2
2008-01-01,1038.0
2008-02-01,1040.4
2008-03-01,1039.3
2008-04-01,1036.9
2008-05-01,1036.0
2008-06-01,1034.3
2008-07-01,1031.7
2008-08-01,1030.1
2008-09-01,1030.3
2008-10-01,1022.4
2008-11-01,1014.8
2008-12-01,1010.9
2009-01-01,992.5
2009-02-01,988.2
2009-03-01,979.9
2009-04-01,971.3
2009-05-01,967.9
2009-06-01,965.1
2009-07-01,961.6
2009-08-01,960.0
2009-09-01,957.8
2009-10-01,952.5
2009-11-01,951.9
2009-12-01,951.3
2010-01-01,951.8
2010-02-01,951.9
2010-03-01,955.1
2010-04-01,959.4
2010-05-01,965.0
2010-06-01,964.1
2010-07-01,963.3
2010-08-01,964.6
2010-09-01,963.9
2010-10-01,970.3
2010-11-01,973.2
2010-12-01,975.1
2011-01-01,972.3
2011-02-01,978.4
2011-03-01,979.5
2011-04-01,981.8
2011-05-01,981.1
2011-06-01,984.7
2011-07-01,987.3
2011-08-01,990.1
2011-09-01,991.3
2011-10-01,989.8
2011-11-01,995.5
2011-12-01,997.1
2012-01-01,1002.2
2012-02-01,1004.1
2012-03-01,1007.3
2012-04-01,1008.6
2012-05-01,1012.5
2012-06-01,1011.4
2012-07-01,1014.4
2012-08-01,1016.5
2012-09-01,1019.2
2012-10-01,1020.7
2012-11-01,1023.3
2012-12-01,1025.1
2013-01-01,1026.8
2013-02-01,1029.7
2013-03-01,1030.8
2013-04-01,1032.3
2013-05-01,1033.7
2013-06-01,1035.3
2013-07-01,1039.1
2013-08-01,1041.8
2013-09-01,1044.6
2013-10-01,1047.4
2013-11-01,1051.3
2013-12-01,1054.6
2014-01-01,1060.2
2014-02-01,1056.4
2014-03-01,1064.9
2014-04-01,1069.2
2014-05-01,1072.5
2014-06-01,1076.4
2014-07-01,1078.1
2014-08-01,1081.0
2014-09-01,1084.8
2014-10-01,1090.1
2014-11-01,1093.1
2014-12-01,1096.5
2015-01-01,1099.8
2015-02-01,1105.2
2015-03-01,1105.8
2015-04-01,1107.3
2015-05-01,1115.3
2015-06-01,1121.9
2015-07-01,1120.8
2015-08-01,1124.5
2015-09-01,1127.3
2015-10-01,1133.5
2015-11-01,1136.9
2015-12-01,1141.4
2016-01-01,1142.0
2016-02-01,1145.3
2016-03-01,1149.9
2016-04-01,1154.8
2016-05-01,1154.9
2016-06-01,1157.2
2016-07-01,1163.1
2016-08-01,1163.7
2016-09-01,1171.5
2016-10-01,1169.6
2016-11-01,1172.9
2016-12-01,1174.7
2017-01-01,1177.4
2017-02-01,1180.2
2017-03-01,1183.6
2017-04-01,1184.6
2017-05-01,1188.3
2017-06-01,1192.0
2017-07-01,1192.7
2017-08-01,1196.3
2017-09-01,1199.0
2017-10-01,1198.9
2017-11-01,1199.5
2017-12-01,1201.2
2018-01-01,1204.9
2018-02-01,1209.2
2018-03-01,1211.8
2018-04-01,1214.4
2018-05-01,1216.8
2018-06-01,1219.4
2018-07-01,1223.2
2018-08-01,1226.2
2018-09-01,1228.0
2018-10-01,1233.5
2018-11-01,1233.4
2018-12-01,1232.5
2019-01-01,1241.4
2019-02-01,1243.7
2019-03-01,1245.6
2019-04-01,1246.7
2019-05-01,1247.6
2019-06-01,1250.9
2019-07-01,1253.2
2019-08-01,1258.3
2019-09-01,1260.0
2019-10-01,1262.5
2019-11-01,1266.2
2019-12-01,1265.4
2020-01-01,1273.5
2020-02-01,1275.5
2020-03-01,1267.4
2020-04-01,1117.8
2020-05-01,1140.0
2020-06-01,1177.2
2020-07-01,1195.0
2020-08-01,1204.1
2020-09-01,1214.7
2020-10-01,1235.0
2020-11-01,1239.3
2020-12-01,1243.7
2021-01-01,1242.7
2021-02-01,1245.3
2021-03-01,1248.0
2021-04-01,1251.2
2021-05-01,1253.8
2021-06-01,1251.5
2021-07-01,1262.9
2021-08-01,1260.0
2021-09-01,1262.9
2021-10-01,1282.1
2021-11-01,1286.3
2021-12-01,1291.6
2022-01-01,1290.3
2022-02-01,1304.5
2022-03-01,1308.2
2022-04-01,1312.4
2022-05-01,1314.9
2022-06-01,1315.1
2022-07-01,1322.7
2022-08-01,1324.6
2022-09-01,1327.9
2022-10-01,1328.5
2022-11-01,1329.8
2022-12-01,1331.6
2023-01-01,1339.6
2023-02-01,1342.5
2023-03-01,1344.4
2023-04-01,1344.3
2023-05-01,1347.1
2023-06-01,1353.8
2023-07-01,1353.5
2023-08-01,1354.9
2023-09-01,1356.3
2023-10-01,1357.4
2023-11-01,1358.9
2023-12-01,1361.5
2024-01-01,1359.4
2024-02-01,1362.4
2024-03-01,1363.2
2024-04-01,1366.0
2024-05-01,1367.0
2024-06-01,1367.7
2024-07-01,1366.9
2024-08-01,1368.3
2024-09-01,1370.9
2024-10-01,1373.1
2024-11-01,1374.0
2024-12-01,1374.7
2025-01-01,1377.0
2025-02-01,1376.8
2025-03-01,1378.1
2025-04-01,1380.1
2025-05-01,1382.4
2025-06-01,1383.9
2025-07-01,1385.7
2025-08-01,1386.4
2025-09-01,1385.3
2025-10-01,1386.4
2025-11-01,1389.5
2025-12-01,1391.7
2026-01-01,1390.7
2026-02-01,1389.2
2026-03-01,1391.5
2026-04-01,1396.3
