year,"Jacksonville city, Florida","Miami city, Florida","Tampa city, Florida","Orlando city, Florida","St. Petersburg city, Florida","Port St. Lucie city, Florida","Hialeah city, Florida","Cape Coral city, Florida","Tallahassee city, Florida","Fort Lauderdale city, Florida","Pembroke Pines city, Florida","Hollywood city, Florida","Lehigh Acres CDP, Florida","Gainesville city, Florida","Miramar city, Florida","Palm Bay city, Florida","Coral Springs city, Florida","West Palm Beach city, Florida","Brandon CDP, Florida","Lakeland city, Florida","Pompano Beach city, Florida","Spring Hill CDP, Florida","Clearwater city, Florida","Miami Gardens city, Florida","Riverview CDP, Florida","Davie town, Florida","Palm Coast city, Florida","Boca Raton city, Florida","Plantation city, Florida","Deltona city, Florida","Sunrise city, Florida","Fort Myers city, Florida","Alafaya CDP, Florida","North Port city, Florida","Deerfield Beach city, Florida","Melbourne city, Florida","Town 'n' Country CDP, Florida","Daytona Beach city, Florida","Homestead city, Florida","Four Corners CDP, Florida","Kissimmee city, Florida","Wesley Chapel CDP, Florida","Doral city, Florida","Miami Beach city, Florida","Boynton Beach city, Florida","Kendall CDP, Florida","Largo city, Florida","The Villages CDP, Florida","Poinciana CDP, Florida","Lauderhill city, Florida","Pine Hills CDP, Florida","Tamarac city, Florida","St. Cloud city, Florida","Weston city, Florida","Ocala city, Florida","Delray Beach city, Florida","Horizon West CDP, Florida","Fountainebleau CDP, Florida","Port Charlotte CDP, Florida","Sanford city, Florida","Port Orange city, Florida","Jupiter town, Florida","The Hammocks CDP, Florida","Wellington village, Florida","Palm Harbor CDP, Florida"
2005,768537.0,361701.0,312855.0,221299.0,232960.0,122554.0,213791.0,134388.0,141148.0,141307.0,159422.0,138412.0,,100879.0,115444.0,90102.0,127654.0,86804.0,89929.0,89586.0,94892.0,85894.0,108382.0,91694.0,,88683.0,,74361.0,88859.0,85979.0,86586.0,,,,71599.0,76373.0,77622.0,,,,,,,84086.0,58611.0,88442.0,71269.0,,,,,,,70557.0,,,,,,,,,,,
2006,799875.0,358091.0,322428.0,220268.0,261073.0,140127.0,209971.0,148246.0,154062.0,174107.0,154942.0,144092.0,67863.0,105714.0,111881.0,93419.0,138021.0,92686.0,88657.0,100502.0,105941.0,94552.0,115498.0,90741.0,,83422.0,58632.0,74623.0,78287.0,82354.0,84887.0,,,,82272.0,76447.0,70224.0,,,,,,,84880.0,63267.0,78524.0,75801.0,,,,,,,68421.0,,,,,,,,,,,
2007,808526.0,348827.0,334093.0,223801.0,236605.0,152384.0,215692.0,149748.0,161929.0,166776.0,164839.0,139258.0,68925.0,111223.0,120144.0,102153.0,120808.0,88525.0,90470.0,91947.0,103611.0,96940.0,107430.0,112259.0,,98018.0,71409.0,88496.0,87414.0,86602.0,84829.0,,,,77591.0,70150.0,72830.0,,,,,,,75017.0,66033.0,81139.0,74909.0,,,67118.0,,,,64781.0,,,,,,,,,,,
2008,811953.0,343142.0,341137.0,232337.0,248308.0,151781.0,207206.0,153621.0,165451.0,165384.0,171407.0,130812.0,64931.0,120849.0,112223.0,101404.0,124966.0,96484.0,98572.0,95455.0,106589.0,95682.0,99479.0,106690.0,,103506.0,72472.0,80958.0,80669.0,91519.0,87576.0,60700.0,,,69204.0,72841.0,77072.0,,,,,,,82507.0,61319.0,78452.0,74735.0,,,73418.0,,,,61017.0,,,,,,,,,,,
2009,813518.0,433143.0,343879.0,235876.0,244318.0,154399.0,218901.0,154209.0,172576.0,184906.0,146625.0,142615.0,74656.0,116615.0,109165.0,101007.0,126507.0,99506.0,90757.0,93738.0,102609.0,91802.0,106064.0,109336.0,,91717.0,71774.0,86433.0,84904.0,83529.0,89731.0,64669.0,,,75194.0,77462.0,74372.0,,,,,,,88066.0,69643.0,75790.0,73222.0,,,67437.0,,,,63924.0,,,,,,,,,,,
2010,823316.0,400892.0,336945.0,239037.0,244818.0,165153.0,225461.0,154668.0,181734.0,166039.0,155252.0,141202.0,88196.0,124433.0,122438.0,103225.0,121492.0,100175.0,102939.0,97530.0,100154.0,97103.0,107697.0,107559.0,66415.0,92290.0,77473.0,84604.0,85217.0,85183.0,84717.0,62429.0,84809.0,,75245.0,76083.0,81175.0,,,,,,,88110.0,68380.0,82561.0,77663.0,,,67100.0,,,,65528.0,,,,,,,,,,,
2011,827909.0,408760.0,346064.0,243209.0,244995.0,166162.0,229967.0,157476.0,182955.0,168527.0,157612.0,143351.0,98100.0,125325.0,124285.0,103234.0,123336.0,101065.0,106312.0,98608.0,101632.0,106718.0,107774.0,109672.0,62319.0,93686.0,79538.0,85334.0,86516.0,85212.0,85990.0,63528.0,67743.0,,76392.0,76089.0,78227.0,,,,,,,89845.0,68997.0,75893.0,77720.0,,,68115.0,,,,66545.0,,,,,,,,,,,
2012,836507.0,413864.0,347650.0,249525.0,246533.0,168718.0,231953.0,161237.0,186977.0,170747.0,160292.0,145241.0,104011.0,126038.0,128737.0,104136.0,125275.0,101910.0,101167.0,100009.0,102968.0,101269.0,108732.0,110739.0,79420.0,95492.0,79980.0,87848.0,88019.0,85436.0,88859.0,65733.0,85334.0,,77426.0,77047.0,81597.0,,,,,,,90579.0,70120.0,75640.0,77871.0,,,69083.0,69219.0,,,67645.0,,,,,,,,,,,
2013,842588.0,417670.0,352981.0,255479.0,249702.0,170999.0,233394.0,165849.0,186408.0,172374.0,162333.0,146522.0,118806.0,127493.0,130281.0,104894.0,126595.0,102433.0,115318.0,100697.0,104406.0,101349.0,109705.0,111381.0,75934.0,96818.0,79378.0,89409.0,90280.0,86300.0,90133.0,68184.0,76821.0,,78045.0,77490.0,77829.0,,,,65186.0,,,91019.0,71103.0,71373.0,78415.0,,,69793.0,67295.0,,,68386.0,,,,,,,,,,,
2014,853376.0,430341.0,358684.0,262396.0,253682.0,174093.0,235566.0,169855.0,188106.0,176018.0,164625.0,148040.0,111416.0,128474.0,134991.0,105845.0,127963.0,104017.0,105125.0,102335.0,106115.0,98950.0,110709.0,112270.0,81226.0,98905.0,82388.0,91321.0,91454.0,86907.0,91256.0,70916.0,84594.0,,78898.0,78486.0,87874.0,,65514.0,,66729.0,,,91721.0,73121.0,79143.0,79028.0,68874.0,,70636.0,76021.0,,,69091.0,,65054.0,,,,,,,,,
2015,868031.0,440989.0,369028.0,270917.0,257088.0,179410.0,237082.0,175230.0,189894.0,178587.0,166624.0,149721.0,119480.0,130133.0,137115.0,107895.0,129502.0,106782.0,113968.0,104410.0,107771.0,103197.0,112979.0,113199.0,89746.0,100894.0,82121.0,93226.0,92555.0,88474.0,92706.0,74015.0,85264.0,,79769.0,80136.0,78996.0,,66500.0,,69152.0,,,92311.0,73972.0,76466.0,81007.0,72590.0,73943.0,71574.0,76081.0,,,69947.0,,66261.0,,,,,,,,,
2016,880623.0,453584.0,377172.0,277198.0,260991.0,185136.0,236385.0,179795.0,190895.0,178764.0,168587.0,152007.0,115673.0,131593.0,138461.0,110107.0,130046.0,108149.0,109582.0,106419.0,109380.0,111189.0,114351.0,113045.0,88941.0,101857.0,88337.0,96115.0,92717.0,90139.0,93723.0,77154.0,91779.0,,79754.0,81192.0,87561.0,66649.0,68000.0,,69369.0,,,91905.0,75569.0,77619.0,83077.0,71350.0,,71635.0,76048.0,65190.0,,70023.0,,67366.0,,,,,,,65814.0,,
2017,892064.0,463354.0,385423.0,280258.0,263252.0,189331.0,239682.0,183356.0,191039.0,180071.0,170703.0,153625.0,132618.0,132253.0,140323.0,111660.0,133058.0,110219.0,121190.0,108051.0,110464.0,113508.0,115501.0,113743.0,90538.0,105146.0,88394.0,98153.0,93922.0,90743.0,94313.0,79941.0,88496.0,66293.0,80572.0,82003.0,89143.0,68055.0,69909.0,,71103.0,,,92319.0,77704.0,73805.0,84768.0,79620.0,71694.0,71976.0,76847.0,65683.0,,70927.0,,68749.0,,,65972.0,,,,68457.0,,
2018,903896.0,470911.0,392905.0,285705.0,265100.0,195251.0,238950.0,189342.0,193550.0,182611.0,172387.0,154813.0,135272.0,133851.0,140827.0,114190.0,133493.0,111389.0,119778.0,110494.0,111930.0,117519.0,116484.0,113085.0,89982.0,106565.0,87617.0,99241.0,94291.0,91946.0,95461.0,82260.0,92740.0,68637.0,80854.0,82823.0,82577.0,68862.0,70469.0,,73596.0,65249.0,,91715.0,78038.0,75979.0,85008.0,80576.0,71331.0,72081.0,90070.0,66043.0,,71224.0,,69356.0,,,64815.0,,,65544.0,64910.0,65190.0,65994.0
2019,911528.0,467968.0,399690.0,287435.0,265358.0,201858.0,233362.0,194504.0,194503.0,182434.0,173591.0,154802.0,134667.0,133990.0,141196.0,115560.0,133765.0,111952.0,116829.0,112142.0,112122.0,113787.0,116938.0,110003.0,97034.0,106310.0,89797.0,99795.0,94605.0,92752.0,95153.0,87111.0,96528.0,70722.0,81070.0,83030.0,98550.0,69197.0,69526.0,,72701.0,62516.0,65746.0,88885.0,78690.0,80410.0,84957.0,85377.0,72545.0,71863.0,94802.0,66712.0,,71164.0,,69449.0,,68619.0,65951.0,,,65797.0,65765.0,65389.0,
2020,,,,,,,,,,,,,,,,,,,,,,,,,,,,,,,,,,,,,,,,,,,,,,,,,,,,,,,,,,,,,,,,,
2021,954624.0,439906.0,387037.0,309193.0,258214.0,217535.0,220479.0,204519.0,197103.0,181666.0,169388.0,152139.0,126557.0,140406.0,135066.0,122932.0,132822.0,117253.0,116994.0,115401.0,111356.0,123509.0,116667.0,110881.0,114560.0,104873.0,93845.0,95785.0,92981.0,95771.0,96031.0,92244.0,95779.0,80027.0,86355.0,85091.0,87862.0,74435.0,80523.0,,79440.0,77319.0,75954.0,80673.0,80083.0,81524.0,82333.0,80691.0,65257.0,73461.0,85927.0,71522.0,,67322.0,,66579.0,72283.0,,65671.0,,,,,,
2022,971315.0,449484.0,398160.0,316086.0,261245.0,231804.0,220274.0,216984.0,201728.0,183156.0,169875.0,152662.0,136910.0,145212.0,137208.0,129246.0,133365.0,120922.0,126628.0,120044.0,112308.0,125603.0,117010.0,110491.0,114454.0,106488.0,98411.0,98997.0,96046.0,97285.0,96291.0,95935.0,91249.0,85102.0,86781.0,86439.0,87521.0,77957.0,81559.0,77430.0,80009.0,81390.0,76999.0,80027.0,80866.0,80912.0,82474.0,78517.0,75778.0,73637.0,72291.0,71915.0,,67676.0,65498.0,67035.0,,,69625.0,,,,,,68005.0
2023,985837.0,455955.0,403361.0,320753.0,263546.0,245036.0,221318.0,224452.0,202222.0,184263.0,171105.0,153864.0,130548.0,145800.0,138330.0,135570.0,134913.0,124148.0,116754.0,122246.0,113613.0,121939.0,116868.0,110714.0,119714.0,107814.0,102106.0,99973.0,96537.0,98749.0,96808.0,97369.0,94330.0,88931.0,87322.0,86956.0,78974.0,82493.0,81672.0,72275.0,81268.0,82087.0,79359.0,79616.0,81252.0,73368.0,82238.0,79772.0,78799.0,73986.0,79274.0,72360.0,66441.0,68168.0,68424.0,67542.0,75002.0,,64797.0,65397.0,65965.0,,,,62105.0
2024,1009831.0,487006.0,414575.0,334871.0,267073.0,258578.0,235384.0,233025.0,205091.0,190640.0,179331.0,159072.0,151444.0,148716.0,143244.0,142035.0,140816.0,127733.0,127048.0,124997.0,118110.0,117931.0,116821.0,116155.0,115462.0,112040.0,106726.0,102235.0,100690.0,100515.0,100131.0,99929.0,98873.0,92866.0,90487.0,87572.0,86253.0,86007.0,85806.0,85069.0,84767.0,83673.0,83620.0,83264.0,83095.0,82704.0,82343.0,81782.0,81260.0,76623.0,76047.0,75150.0,71018.0,70672.0,70245.0,70133.0,69149.0,,68091.0,66920.0,66559.0,,,,
